{
  "Total" : {
    "transaction" : "Total",
    "sampleCount" : 100,
    "errorCount" : 0,
    "errorPct" : 0.0,
    "meanResTime" : 1088.5900000000004,
    "medianResTime" : 973.0,
    "minResTime" : 758.0,
    "maxResTime" : 2148.0,
    "pct1ResTime" : 1709.5000000000002,
    "pct2ResTime" : 1786.6499999999999,
    "pct3ResTime" : 2147.3499999999995,
    "throughput" : 5.059704513256426,
    "receivedKBytesPerSec" : 410.165440478901,
    "sentKBytesPerSec" : 0.5731696518923295
  },
  "HTTP Request" : {
    "transaction" : "HTTP Request",
    "sampleCount" : 100,
    "errorCount" : 0,
    "errorPct" : 0.0,
    "meanResTime" : 1088.5900000000004,
    "medianResTime" : 973.0,
    "minResTime" : 758.0,
    "maxResTime" : 2148.0,
    "pct1ResTime" : 1709.5000000000002,
    "pct2ResTime" : 1786.6499999999999,
    "pct3ResTime" : 2147.3499999999995,
    "throughput" : 5.059704513256426,
    "receivedKBytesPerSec" : 410.165440478901,
    "sentKBytesPerSec" : 0.5731696518923295
  }
}